image_id,rad_ID,class_name,x_min,y_min,x_max,y_max,class_id
008de51718bcafddc938be6eff91a42a,R1,Bronchial thickening,430.305061,764.2914096,482.4916624,797.9227749,3
008de51718bcafddc938be6eff91a42a,R1,Bronchial thickening,795.2226531,742.3623252,820.1272818,773.4931111,3
